iteration,loss,content_loss,style_loss
50,104.85550720214843,2.6444381999969484,102.21106887817383
100,78.68077011108399,3.226917805671692,75.45385227203369
150,62.82647048950195,3.1870906066894533,59.63937995910644
200,51.03887145996094,2.687508058547974,48.35136386871338
250,50.34951072692871,2.7924500370025633,47.557060890197754
300,40.82966495513916,2.6481718254089355,38.18149311065674
350,36.64077632904053,2.532018632888794,34.10875785827637
400,38.75440084457397,2.6014451146125794,36.15295581817627
450,36.24092754364014,2.583033227920532,33.6578942489624
500,35.203473510742185,2.671918396949768,32.53155494689941
550,33.6324813079834,2.4854916548728943,31.146989612579347
600,29.549177913665773,2.4141042280197142,27.135073623657227
650,25.787631244659423,2.3247594618797303,23.462871837615968
700,24.620972423553468,2.376571252346039,22.244401206970213
750,24.610648384094237,2.182243151664734,22.428405036926268
800,25.189683570861817,2.306971414089203,22.882712135314943
850,22.376917552947997,2.363211286067963,20.01370632171631
900,23.772641105651857,2.3574471855163575,21.415193843841553
950,20.205277557373048,2.2367868852615356,17.9684907913208
1000,24.939184265136717,2.2871993136405946,22.651984920501707
1050,23.691743831634522,2.2487806832790374,21.442963008880614
1100,24.604414196014403,2.236015405654907,22.368398666381836
1150,21.998857650756836,2.2067844557762144,19.7920729637146
1200,20.785903301239014,2.256851271390915,18.52905206680298
1250,19.645226535797118,2.2153260922431945,17.42990048408508
1300,24.91832537651062,2.2181053495407106,22.700220270156862
1350,20.834826240539552,2.2236374378204347,18.611188831329347
1400,21.26144374847412,2.3192251467704774,18.942218647003173
1450,16.158302860260008,2.00815589427948,14.150146980285644
1500,20.731792755126953,2.324029202461243,18.40776357650757
1550,24.21042236328125,2.4510362339019776,21.75938617706299
1600,18.553525352478026,2.1517680191993716,16.401757383346556
1650,18.64561180114746,2.2091692066192627,16.436442642211915
1700,22.008735752105714,2.1374540233612063,19.871281490325927
1750,18.08301767349243,2.1935825324058533,15.889435119628907
1800,19.77750626564026,2.180187015533447,17.59731921195984
1850,16.604088726043702,2.0583703327178955,14.54571834564209
1900,17.78739802360535,2.1662991285324096,15.621098966598511
1950,18.362656440734863,2.1561250042915345,16.20653144836426
2000,17.77981044769287,2.1824317026138305,15.597378816604614
2050,15.567595748901367,1.951323730945587,13.616271991729736
2100,17.770520820617676,2.113609325885773,15.65691149711609
2150,15.885326309204101,1.9812959718704224,13.904030303955079
2200,14.535193395614623,1.9586986255645753,12.576494731903075
2250,14.017319793701171,2.0184060168266296,11.998913774490356
2300,14.076447992324828,1.9462956500053405,12.130152492523193
2350,17.61476472854614,2.1708898949623108,15.443874855041503
2400,14.895249071121215,2.026867843866348,12.868381204605102
2450,16.014763250350953,2.0732610774040223,13.941502170562744
2500,15.988829421997071,2.077587202787399,13.911242265701294
2550,15.781863918304444,2.145803599357605,13.636060333251953
2600,19.83581739425659,2.1733927488327027,17.66242461204529
2650,14.195274686813354,2.020579640865326,12.174695072174073
2700,15.137780380249023,2.1041546058654785,13.033625888824464
2750,14.574372444152832,1.9626611042022706,12.611711282730102
2800,14.000418996810913,1.902351450920105,12.098067483901978
2850,13.107264852523803,1.88462238073349,11.2226425075531
2900,15.948842868804931,2.1035556161403655,13.845287284851075
2950,15.279126701354981,2.017983374595642,13.261143236160278
3000,15.561997003555298,1.9333923959732056,13.628604640960694
3050,15.288369035720825,1.9361887907981872,13.35218023300171
3100,16.749400720596313,2.170908179283142,14.578492612838746
3150,18.961713123321534,2.1371183013916015,16.824594831466676
3200,13.946940927505493,2.0414329516887664,11.905507974624634
3250,13.79481484413147,2.008597207069397,11.786217594146729
3300,15.289844512939453,2.1063016414642335,13.183542909622192
3350,14.66791410446167,2.0072673034667967,12.660646829605103
3400,15.593178415298462,2.016233217716217,13.576945247650146
3450,12.88778673171997,1.951745935678482,10.936040830612182
3500,14.928927097320557,2.021760892868042,12.907166175842285
3550,13.554093894958497,1.8976669013500214,11.656426944732665
3600,14.72034070968628,2.0001958179473878,12.720144901275635
3650,15.768934984207153,1.8668817257881165,13.902053384780883
3700,12.778286838531494,1.9307259166240691,10.847561001777649
3750,13.072087965011598,1.924059180021286,11.148028774261475
3800,13.926417112350464,1.957188071012497,11.969229011535644
3850,13.630422582626343,1.9957162046432495,11.634706382751466
3900,13.327574262619018,1.9487522184848785,11.378821992874146
3950,13.19406840324402,1.9383790373802186,11.255689344406129
4000,13.301990308761596,1.9452596378326417,11.356730751991272
4050,13.839396390914917,2.037225580215454,11.802170782089233
4100,14.324194822311402,1.9525695991516114,12.37162525177002
4150,12.25595139503479,1.878827257156372,10.377124071121216
4200,11.70702645301819,1.8141742324829102,9.892852158546448
4250,13.809872970581054,1.9532271337509155,11.856645765304565
4300,14.970181436538697,2.050970232486725,12.919211192131042
4350,15.127026977539062,1.9683782529830933,13.158648796081543
4400,14.586713619232178,2.000151741504669,12.58656192779541
4450,10.699990272521973,1.7892425858974457,8.910747623443603
4500,13.00189248561859,1.931617764234543,11.070274686813354
4550,12.96179349899292,1.8696668827533722,11.092126579284669
4600,12.487130908966064,1.8525486254692078,10.634582347869873
4650,12.19529709815979,1.886116554737091,10.309180626869201
4700,13.213257532119751,2.0124340057373047,11.200823497772216
4750,12.74173316001892,1.9059576058387757,10.835775566101074
4800,10.65190444946289,1.7412464618682861,8.910657968521118
4850,13.3061274433136,1.8867378687858583,11.419389619827271
4900,12.613953094482422,1.9591638112068177,10.654789247512817
4950,12.978867826461792,1.949858202934265,11.029009647369385
5000,13.347558555603028,1.9294633150100708,11.418095183372497
5050,12.162231063842773,1.9214135217666626,10.240817489624023
5100,12.32420612335205,1.9042368483543397,10.419969220161438
5150,12.028932085037232,1.858875823020935,10.170056324005127
5200,14.543559341430663,2.023980097770691,12.519579296112061
5250,13.50767237663269,1.9634207463264466,11.54425166130066
5300,11.339528913497924,1.8654845714569093,9.474044408798218
5350,10.293472509384156,1.8008646428585053,8.492607860565185
5400,12.012884168624877,1.8778396236896515,10.135044593811035
5450,11.751610927581787,1.7728626656532287,9.978748283386231
5500,13.053574905395507,1.7937316858768464,11.259843273162842
5550,11.09749150276184,1.7777634501457213,9.319728088378906
5600,12.26696192741394,1.87116868019104,10.395793180465699
5650,12.79268801689148,1.8907238471508026,10.901964206695556
5700,11.6501171875,1.860465064048767,9.789652118682861
5750,12.058475189208984,1.9427530562877655,10.115722169876099
5800,11.359284906387328,1.839852787256241,9.519432163238525
5850,10.846728506088256,1.788229477405548,9.058499069213868
5900,11.590382375717162,1.854540091753006,9.735842280387878
5950,10.56501467704773,1.755642056465149,8.809372596740722
6000,11.37441686630249,1.798482781648636,9.575934143066407
6050,12.50625473022461,1.9341066265106202,10.572148141860962
6100,12.544036111831666,1.8810399198532104,10.662996096611023
6150,13.369909496307374,1.916355402469635,11.453554124832154
6200,12.807466163635254,1.8541560173034668,10.953310098648071
6250,11.456291618347167,1.9151708567142487,9.541120777130127
6300,11.536371908187867,1.8368009543418884,9.699570994377137
6350,11.031590385437012,1.8362988889217378,9.195291547775268
6400,12.435825433731079,1.7129949009418488,10.722830514907837
6450,12.630314550399781,2.0250319612026213,10.605282526016236
6500,11.04332043647766,1.842657470703125,9.200662932395936
6550,8.851705045700074,1.7617786192893983,7.089926462173462
6600,10.175820078849792,1.7256784987449647,8.450141558647156
6650,11.30910520553589,1.818018262386322,9.491086997985839
6700,11.538936834335328,1.791817328929901,9.747119512557983
6750,11.744003133773804,1.7983722114562988,9.945630989074708
6800,11.05978837966919,1.728205018043518,9.331583261489868
6850,14.13093274116516,1.9690053260326386,12.161927304267884
6900,13.257746906280518,1.8874607324600219,11.370286135673522
6950,10.921233806610108,1.8104620921611785,9.11077172279358
7000,10.450878171920776,1.805923411846161,8.644954781532288
7050,10.184422750473022,1.718416428565979,8.466006336212159
7100,10.1247269821167,1.8276350021362304,8.29709188938141
7150,11.130996217727661,1.8209821343421937,9.310014057159425
7200,10.766978569030762,1.8189506494998933,8.948027963638305
7250,10.9125430393219,1.8580590307712554,9.054484066963196
7300,9.715463352203368,1.8079555499553681,7.9075078201293945
7350,12.81227499961853,1.880895094871521,10.93137996673584
7400,11.954922771453857,1.7312869834899902,10.22363576889038
7450,10.259230451583862,1.7658778429031372,8.493352613449098
7500,11.489591073989867,1.7972912120819091,9.692299885749817
7550,11.063362979888916,1.7302161431312562,9.333146815299989
7600,11.116097106933594,1.6755505418777465,9.440546588897705
7650,10.628116884231567,1.8110319924354554,8.817084865570068
7700,12.382452268600463,1.776768307685852,10.605683889389038
7750,10.389057111740112,1.8092799949645997,8.579777040481567
7800,10.42637279510498,1.8291177225112916,8.597255158424378
7850,9.590628547668457,1.7850014996528625,7.805627069473267
7900,11.1486763381958,1.8604481506347657,9.28822823047638
7950,9.722587909698486,1.71789369225502,8.004694271087647
8000,11.805697002410888,1.712245647907257,10.093451371192932
8050,11.27220775604248,1.7709576308727264,9.501250157356262
8100,9.404697847366332,1.6559759676456451,7.74872193813324
8150,10.413959712982178,1.8158763599395753,8.598083333969116
8200,10.936995935440063,1.8258338022232055,9.111162109375
8250,11.685461616516113,1.8562595748901367,9.829202008247375
8300,12.796670722961426,1.8129075264930725,10.983763122558594
8350,8.790630550384522,1.6454207575321198,7.1452098035812375
8400,10.956244010925293,1.8374255502223968,9.118818492889405
8450,10.154433717727661,1.7396014475822448,8.414832220077514
8500,9.796305227279664,1.6970554089546204,8.099249801635743
8550,8.146733140945434,1.6027559328079224,6.543977212905884
8600,11.529756803512573,1.7623886120319368,9.767368192672729
8650,9.398857908248901,1.7080804646015166,7.690777454376221
8700,11.485740375518798,1.8184096419811249,9.667330703735352
8750,10.212797527313233,1.7786215364933013,8.434176015853883
8800,10.20945411682129,1.7399570417404175,8.46949709892273
8850,9.808633985519409,1.6859700846672059,8.122663898468018
8900,10.190529470443726,1.6983710408210755,8.492158436775208
8950,9.749075689315795,1.7526671361923218,7.9964085388183594
9000,9.76542776107788,1.778329962491989,7.987097821235657
9050,11.118277187347411,1.7967674827575684,9.321509652137756
9100,11.229635457992554,1.777430042028427,9.45220540046692
9150,10.23614423751831,1.6948708343505858,8.54127344608307
9200,10.048984546661377,1.733143857717514,8.315840706825256
9250,11.902922267913818,1.868907735347748,10.034014492034911
9300,10.882889161109924,1.869889715909958,9.012999382019043
9350,10.880414147377014,1.7953560745716095,9.085058002471923
9400,11.040191736221313,1.817220686674118,9.222971024513244
9450,11.994286470413208,1.887881770133972,10.106404762268067
9500,10.304084553718567,1.643475922346115,8.660608696937562
9550,9.693266296386719,1.7100884675979615,7.983177862167358
9600,10.03315029144287,1.664370197057724,8.368780035972595
9650,9.89519962310791,1.7487306344509124,8.146468949317931
9700,12.122581901550292,1.8548476243019103,10.267734155654907
9750,9.935815105438232,1.6705023086071014,8.265312790870667
9800,9.981430106163025,1.7984229063987731,8.18300718307495
9850,9.598010053634644,1.736896846294403,7.861113266944885
9900,8.657327070236207,1.7233571076393128,6.933969964981079
9950,10.058020606040955,1.8429064881801605,8.215114135742187
10000,10.759035840034485,1.7482801675796509,9.010755786895752
10050,8.398625707626342,1.6631473314762115,6.7354784059524535
10100,10.614313049316406,1.6626418113708497,8.95167127609253
10150,11.811023969650268,1.8837691140174866,9.927254915237427
10200,9.991645946502686,1.8032469511032105,8.188398942947387
10250,11.613594264984131,1.9428506243228911,9.670743656158447
10300,9.172691059112548,1.6971646523475648,7.475526347160339
10350,10.344520359039306,1.687711890935898,8.656808514595031
10400,8.98458490371704,1.7148298239707946,7.269755115509033
10450,8.152793369293214,1.6903010749816894,6.462492275238037
10500,9.699467792510987,1.7349975180625916,7.964470252990723
10550,7.845353126525879,1.5808380806446076,6.264515099525451
10600,11.221319217681884,1.7421276152133942,9.479191675186158
10650,9.476541237831116,1.7092925107479096,7.767248749732971
10700,9.9699760055542,1.8229092478752136,8.147066740989684
10750,11.238993787765503,1.8627937364578246,9.37620002746582
10800,8.892518482208253,1.6602337169647217,7.232284746170044
10850,10.131110334396363,1.6611459755897522,8.46996440410614
10900,10.402058696746826,1.6836529922485353,8.718405747413636
10950,8.680593667030335,1.6869816827774047,6.993611998558045
11000,8.572666234970093,1.6592361104488373,6.913430113792419
11050,12.450705671310425,1.7734273505210876,10.677278399467468
11100,9.90426526069641,1.7958168852329255,8.108448343276978
11150,9.484696893692016,1.844423451423645,7.640273404121399
11200,9.186117534637452,1.7434602987766266,7.442657270431519
11250,9.80530442237854,1.7912154817581176,8.014088945388794
11300,8.62188190460205,1.5521800851821899,7.0697018337249755
11350,9.223119440078735,1.6844062960147859,7.5387131786346435
11400,9.671341819763184,1.7738329982757568,7.897508745193481
11450,9.249777698516846,1.7750720572471619,7.474705591201782
11500,8.898980522155762,1.65616051197052,7.242820019721985
11550,8.835153584480286,1.5939279997348785,7.2412255764007565
11600,10.534385108947754,1.741429636478424,8.792955365180969
11650,8.905354404449463,1.6569550549983978,7.248399336338043
11700,12.1997221660614,1.9071825468540191,10.292539687156678
11750,8.670544004440307,1.735230085849762,6.935313892364502
11800,12.035570583343507,1.8169357550144196,10.218634843826294
11850,8.877561120986938,1.7611582803726196,7.116402888298035
11900,9.438218479156495,1.7683533692359925,7.669865095615387
11950,10.544479303359985,1.7663369524478911,8.778142418861389
12000,10.071219668388366,1.8442972564697266,8.22692238330841
12050,9.331102733612061,1.5820801031589509,7.7490226888656615
12100,9.349155597686767,1.6495245707035064,7.699631071090698
12150,9.397702646255492,1.6810421240329743,7.716660470962524
12200,8.71698959350586,1.642893878221512,7.074095778465271
12250,11.998682050704955,1.6665698134899138,10.332112317085267
12300,8.494977617263794,1.687716202735901,6.807261390686035
12350,9.360490188598632,1.7173133873939515,7.643176832199097
12400,8.457749004364013,1.5797920429706573,6.877956976890564
12450,9.011801824569702,1.701618756055832,7.310183033943177
12500,9.421469764709473,1.6429821538925171,7.7784875392913815
12550,9.862002820968629,1.7375985705852508,8.124404306411742
12600,9.291047792434693,1.6486245250701905,7.642423233985901
12650,8.980693340301514,1.6590379989147186,7.321655344963074
12700,8.862505235671996,1.6486163425445557,7.213888902664184
12750,9.730792984962463,1.6498121178150178,8.08098093032837
12800,9.87540159702301,1.7398569190502167,8.135544710159301
12850,9.244435539245606,1.760788724422455,7.483646831512451
12900,8.556130561828613,1.6893985712528228,6.866732015609741
12950,10.186762962341309,1.556455602645874,8.63030734539032
13000,9.48939875602722,1.7142955470085144,7.775103254318237
13050,8.810663032531739,1.6942357325553894,7.116427245140076
13100,10.557370672225952,1.7066627597808839,8.850707955360413
13150,8.704472303390503,1.7497740745544434,6.954698247909546
13200,8.60879023551941,1.631680407524109,6.977109842300415
13250,10.060255560874939,1.5877969312667846,8.472458672523498
13300,8.133164038658142,1.5372296500205993,6.595934433937073
13350,7.5595710611343385,1.6182035863399507,5.941367449760437
13400,8.815474157333375,1.6806161093711853,7.13485809803009
13450,8.938176755905152,1.6614064812660216,7.276770272254944
13500,8.839370727539062,1.6676893973350524,7.17168128490448
13550,11.457287592887878,1.7364914524555206,9.720796122550965
13600,9.38065146446228,1.7042370104789735,7.676414499282837
13650,8.738776512145996,1.702279998064041,7.036496520042419
13700,8.634478483200073,1.665062839984894,6.969415645599366
13750,8.861233081817627,1.6285961830615998,7.2326368761062625
13800,9.7293577003479,1.7805218255519868,7.948835749626159
13850,9.696133813858033,1.7524980807304382,7.943635754585266
13900,11.27825068473816,1.7487041771411895,9.529546537399291
13950,9.428679189682008,1.710087947845459,7.718591170310974
14000,9.378420333862305,1.6878552901744843,7.690564975738526
14050,8.930082273483276,1.7374885785579681,7.19259370803833
14100,8.876723690032959,1.6553568923473359,7.221366753578186
14150,9.163741693496704,1.7592881727218628,7.4044534921646115
14200,9.720732021331788,1.752941460609436,7.967790536880493
14250,10.452386083602905,1.6958605241775513,8.756525535583496
14300,9.282160377502441,1.6837505447864531,7.598409852981567
14350,8.395573768615723,1.6007556450366973,6.794818081855774
14400,8.283592934608459,1.6461829340457916,6.637410025596619
14450,9.202580194473267,1.6523468220233917,7.5502333116531375
14500,8.708268117904662,1.6275533199310304,7.080714774131775
14550,9.008881349563598,1.5785676050186157,7.4303138256073
14600,8.825838747024536,1.7434405064582825,7.082398157119751
14650,8.051542863845825,1.5573954582214355,6.494147343635559
14700,8.533382463455201,1.62590567111969,6.907476749420166
14750,9.5280570602417,1.7311975181102752,7.79685950756073
14800,8.602111983299256,1.6948171985149383,6.907294721603393
14850,8.658348469734191,1.7239184534549714,6.9344299793243405
14900,8.90752091407776,1.6652255749702454,7.242295327186585
14950,9.438727321624755,1.6150654220581055,7.823661894798279
15000,9.20179160118103,1.7072978901863098,7.494493722915649
15050,8.307935247421264,1.6583058094978333,6.64962947845459
15100,9.064739656448364,1.766706235408783,7.298033447265625
15150,9.13415433883667,1.656091604232788,7.478062720298767
15200,8.728105721473694,1.6307093262672425,7.097396421432495
15250,8.121618409156799,1.6070355534553529,6.514582924842834
15300,10.087053246498108,1.6670740377902984,8.41997923374176
15350,9.151376552581787,1.663501398563385,7.487875113487243
15400,8.080070209503173,1.5996697759628296,6.480400462150573
15450,8.093438444137574,1.5425370419025421,6.550901389122009
15500,9.498093047142028,1.5955449295043946,7.9025480794906615
15550,9.800263633728028,1.7106154620647431,8.089648118019104
15600,9.276956405639648,1.6382642936706544,7.638692078590393
15650,8.96683925628662,1.762711719274521,7.204127511978149
15700,8.405420937538146,1.673807474374771,6.7316134071350096
15750,8.841361203193664,1.5890695011615754,7.2522917032241825
15800,11.172307806015015,1.6818713867664337,9.490436429977416
15850,8.816338500976563,1.6290517902374269,7.187286767959595
15900,10.154590435028076,1.7618586611747742,8.392731866836549
15950,10.455178680419921,1.801447730064392,8.653730974197387
16000,10.282743892669679,1.6981276726722718,8.584616219997406
16050,9.419989767074584,1.6842353236675263,7.735754408836365
16100,8.563582253456115,1.6803953063488006,6.883186974525452
16150,8.68546627998352,1.5614587211608886,7.124007601737976
16200,7.52728012084961,1.587816103696823,5.939464025497436
16250,7.642509732246399,1.6769511139392852,5.965558586120605
16300,8.815351123809814,1.5897439372539521,7.225607199668884
16350,8.240343012809753,1.6496053981781005,6.590737624168396
16400,8.329066638946534,1.6201512432098388,6.708915400505066
16450,8.87542031288147,1.5639458441734313,7.311474485397339
16500,9.68247675895691,1.653908817768097,8.028567881584168
16550,8.62706787586212,1.6175647604465484,7.009503092765808
16600,8.425799713134765,1.6635173511505128,6.762282333374023
16650,7.162591528892517,1.5541205024719238,5.608471002578735
16700,9.13309527873993,1.6605206096172334,7.472574639320373
16750,8.70448100566864,1.6743341457843781,7.030146832466126
16800,9.075770120620728,1.7047504138946534,7.371019744873047
16850,9.080600352287293,1.6155461609363555,7.465054235458374
16900,8.520358448028565,1.609036625623703,6.911321797370911
16950,7.790758624076843,1.5592743897438048,6.231484293937683
17000,9.912160387039185,1.6603043484687805,8.251856031417846
17050,8.845857815742493,1.6812621641159058,7.164595623016357
17100,8.123670377731322,1.6311058008670807,6.492564587593079
17150,7.886948499679566,1.6368757224082946,6.250072784423828
17200,7.4763454341888425,1.580986864566803,5.895358562469482
17250,7.684816427230835,1.6033315443992615,6.081484913825989
17300,10.390212650299071,1.7323456621170044,8.657866997718811
17350,8.766229214668273,1.5507866847515106,7.215442526340484
17400,9.284616360664367,1.6421417951583863,7.6424745845794675
17450,8.854425473213196,1.7347908556461333,7.119634699821472
17500,8.120891137123108,1.6086754989624024,6.512215628623962
17550,10.526442408561707,1.6695080542564391,8.85693431854248
17600,8.818557286262513,1.680207176208496,7.138350040912628
17650,9.789135465621948,1.779933590888977,8.009201869964599
17700,8.56046085357666,1.6006794106960296,6.959781441688538
17750,9.47773754119873,1.6600696897506715,7.8176678991317745
17800,8.887879009246825,1.6794556367397309,7.208423409461975
17850,10.329262676239013,1.6818182969093323,8.64744435787201
17900,8.715734014511108,1.707978686094284,7.007755327224731
17950,8.139912323951721,1.6984782671928407,6.4414340686798095
18000,7.320028972625733,1.5646366441249848,5.7553923273086545
18050,7.83062885761261,1.6506075549125672,6.180021281242371
18100,8.427106251716614,1.682360348701477,6.744745926856995
18150,7.46448281288147,1.6034326040744782,5.86105019569397
18200,7.70342604637146,1.610893030166626,6.0925330066680905
18250,8.820840582847595,1.6762485253810882,7.144591999053955
18300,8.657501878738403,1.5659741401672362,7.0915277338027956
18350,9.176029839515685,1.6667485404014588,7.509281258583069
18400,8.385066227912903,1.5883464407920838,6.796719794273376
18450,8.4424534034729,1.6433863246440887,6.799067094326019
18500,7.91138795375824,1.6077781510353089,6.30360975265503
18550,8.544230628013612,1.5769673156738282,6.967263388633728
18600,9.84084062576294,1.8224236369132996,8.018416938781739
18650,9.839864082336426,1.541466737985611,8.298397421836853
18700,8.736777806282044,1.7700435066223144,6.966734323501587
18750,9.041011867523194,1.6316784203052521,7.409333400726318
18800,7.5166323852539065,1.652646142244339,5.863986220359802
18850,9.566209115982055,1.5143629431724548,8.051846170425415
18900,9.102007665634154,1.6835478055477142,7.418459839820862
18950,7.620258669853211,1.5957341599464416,6.0245244646072384
19000,9.171338901519775,1.524103364944458,7.647235617637635
19050,9.278762531280517,1.7201143443584441,7.558648138046265
19100,8.044817056655884,1.6467392253875732,6.39807776927948
19150,8.167055320739745,1.5841839790344239,6.582871317863464
19200,7.161684436798096,1.625747857093811,5.535936608314514
19250,7.295140008926392,1.4886142885684968,5.806525707244873
19300,9.003742170333862,1.5604456651210785,7.443296494483948
19350,7.831599011421203,1.4809843146800994,6.350614705085754
19400,7.472888851165772,1.5826844680309295,5.890204319953918
19450,8.300432600975036,1.517190557718277,6.783242039680481
19500,8.5237553358078,1.661189111471176,6.8625662136077885
19550,7.995819587707519,1.5162411761283874,6.479578375816345
19600,8.02541838169098,1.6592731022834777,6.366145272254943
19650,7.504446153640747,1.597997694015503,5.906448411941528
19700,7.747074298858642,1.5905905055999756,6.156483740806579
19750,8.506845669746399,1.7523450088500976,6.754500646591186
19800,8.441656551361085,1.6476815271377563,6.793975019454956
19850,7.4299672412872315,1.593615939617157,5.836351323127746
19900,9.00966432571411,1.6673831832408905,7.342281131744385
19950,8.528030748367309,1.5529609060287475,6.975069880485535
20000,11.30004285812378,1.6493585634231567,9.65068434715271
